Workbook

Sheet Frame agreements
A1: # | B1: Buyer | C1: Buyer type | D1: Category | E1: What it covers | F1: Value (MNOK) | G1: Value basis | H1: Awarded / in force | I1: Term (base + options) | J1: Earliest end (no options) | K1: Latest end (all options) | L1: Expected re-tender window | M1: Renewal year (est.) | N1: Status (Oct 2026) | O1: Suppliers | P1: Confidence | Q1: Sources
A2: 1 | B2: Skatteetaten | C2: State agency | D2: IT consulting | E2: Predecessor IT consulting frame (20210021), 14 lots, Oslo/Grimstad/Mo i Rana | F2: 3500 | G2: Total awarded value per notice | H2: 2021-06/09 | I2: ~2+1+1 | J2: 2023 | K2: 2025 | L2: Done (replaced 2025) | M2: 2025 | N2: Replaced by 2025 frame | O2: Atea, Avo, Bouvet, Transcendent, Tietoevry, Capgemini and others | P2: Medium | Q2: doffin.no/Notice/Details/2021-310096
A3: 2 | B3: DSS (ministries) | C3: State agency (central gov.) | D3: IT consultant brokerage | E3: Predecessor brokerage frame; spending reached 787 MNOK vs 600 cap | F3: 600 | G3: Max (exceeded by 187) | H3: 2022-04-12 | I3: n/a | J3: 2025-01 | K3: 2025-01 | L3: Done (replaced Jan 2025) | M3: 2025 | N3: Replaced | O3: ProData Consult | P3: High | Q3: doffin.no/nn/Notice/Details/2022-397585 ; tu.no/nyhetsstudio/82046
A4: 3 | B4: Utdanningsdirektoratet | C4: State agency | D4: IT consulting | E4: Predecessor IT consulting 2021-2025 | F4: 600 | G4: Max | H4: 2021-04-16 | I4: 4 yrs | J4: 2025 | K4: 2025 | L4: Done (replaced 2025) | M4: 2025 | N4: Replaced | O4: Visma Consulting, Bouvet, Experis, Capgemini, EVRY, Bekk | P4: High | Q4: doffin.no/notices/2021-323091
A5: 4 | B5: Norsk helsenett | C5: State enterprise (health) | D5: Cloud services | E5: Public cloud + related advisory | F5: 2400 | G5: Max | H5: 2019 | I5: Not stated | J5: Unknown | K5: c. 2023-25 | L5: Likely re-tendered - verify | M5: 2026 | N5: Unknown - verify | O5: Not found | P5: Low | Q5: doffin.no/notices/2019-372653
A6: 5 | B6: FFI (for FD, Forsvaret, Forsvarsbygg, NSM) | C6: State agency (defence) | D6: IT products & services | E6: IT equipment, software licences, networking and consulting services | F6: 1940 | G6: Estimate over 4 yrs (485/yr) | H6: 2022 | I6: 2 yrs + 2 | J6: 2024 | K6: 2026 | L6: Re-tender due 2026 (check Doffin) | M6: 2026 | N6: Near expiry | O6: Atea | P6: Medium | Q6: securityworldmarket.com (FFI og Atea inngår ny avtale) ; digi.no/artikler/atea-inngar-milliardavtale-med-ffi/520579
A7: 6 | B7: Miljødirektoratet | C7: State agency | D7: IT consulting | E7: Digitalisation & technology: development resources; specialists (mgmt & advisory, design/UX, architecture/data) | F7: 1323 | G7: Estimate | H7: Tender: published 15 Jun 2026, bids due 31 Aug 2026; award expected Q4 2026-Q1 2027 | I7: Not stated | J7: c. 2028-29 | K7: c. 2030-31 | L7: IN COMPETITION NOW | M7: 2026 | N7: Open / evaluation | O7: TBD | P7: High | Q7: doffin.no/notices/2026-110608
A8: 7 | B8: Sykehuspartner (Helse Sør-Øst) | C8: Health trust | D8: IT products & services | E8: Telecom equipment, project services and project assignments (regional frames) | F8: 950 | G8: Max; est. 364-776 | H8: 2026 (tender) | I8: Not stated | J8: Unknown | K8: Unknown | L8: In competition 2026 | M8: 2026 | N8: Open | O8: TBD | P8: Low | Q8: doffin.no (Sykehusinnkjøp/Sykehuspartner telecom notice, 2026)
A9: 8 | B9: Sikt | C9: State agency (education) | D9: Software & licences | E9: Software licence reseller (excl. Microsoft, Oracle, SAP) incl. advisory and support; single reseller | F9: 800 | G9: Estimate | H9: Bids due 5 Jun 2026; award c. H2 2026 | I9: Not stated | J9: Unknown | K9: Unknown | L9: Being awarded now | M9: 2026 | N9: Open / evaluation | O9: TBD | P9: Medium | Q9: TED 249446-2026
A10: 9 | B10: Bane NOR | C10: State-owned company | D10: IT consulting | E10: IT consultants: project mgmt, architecture, test, digital security etc. | F10: 480 | G10: Estimate | H10: Tender Jun 2021; award c. late 2021 | I10: Not stated (typ. 2+1+1) | J10: c. 2023 | K10: c. 2025-26 | L10: Due / likely in progress 2025-26 - verify | M10: 2026 | N10: Likely expiring | O10: Not found | P10: Low | Q10: doffin.no/notices/2021-319052
A11: 10 | B11: Statens pensjonskasse (SPK) | C11: State agency | D11: IT consulting | E11: IT consultants for development of SPK IT products and services | F11: 450 | G11: Re-estimated | H11: 2021-11-08 | I11: Not stated (typ. 2+1+1) | J11: 2023-11 | K11: 2025-11 | L11: Likely re-tendered 2025-26 - verify | M11: 2026 | N11: Likely expired / re-tender | O11: Visma Consulting, Sopra Steria, Knowit, Kantega, Prodata, Bouvet | P11: Medium | Q11: doffin.no/Notice/Details/2021-393056
A12: 11 | B12: Politiet (Politiets IT-enhet) | C12: State agency | D12: IT development partner | E12: Development partner frame: development, design, data, product mgmt, agile coaching; 2nd lot architecture, test, security, privacy, technicians | F12: 4000 | G12: Estimate | H12: 2023-10 | I12: 4 yrs + option | J12: 2027-H2 | K12: 2028+ (option) | L12: 2026-H2 to 2027-H2 | M12: 2027 | N12: Active | O12: Knowit, Sopra Steria, Computas | P12: High | Q12: knowit.eu/news-press/knowit-has-signed-an-agreement-with-the-norwegian-police-services ; securityworldmarket.com (Sopra Steria signerer storkontrakt med politiet) ; digi.no/artikler/.../538968
A13: 12 | B13: Statens vegvesen | C13: State agency | D13: IT development partner | E13: Development & maintenance of IT systems for road construction, operations and maintenance (several hundred solutions) | F13: 2800 | G13: Total incl. options | H13: 2023-11 | I13: 4 yrs + 4 yrs options | J13: 2027-H2 | K13: 2031-H2 | L13: Option decision 2027; re-tender 2030-31 if options used | M13: 2027 | N13: Active | O13: Accenture | P13: High | Q13: tu.no/artikler/statens-vegvesen-har-signert-dataavtale-verdt-2-8-milliarder-kroner/540444
... A37: 36 | B37: Statnett | C37: State-owned company | D37: IT consulting | E37: IT/digital frame incl. Fifty (Nordic balancing) programme | F37: 1500 | G37: Est. 1,200-1,500 (2019 frame) | H37: 2019-07 (renewed 2025) | I37: Up to 6 yrs | J37: 2025 | K37: 2025 | L37: Renewed 2025; next c. 2030-31 | M37: 2031 | N37: Renewed 2025 - new value not disclosed | O37: Bouvet (main, with subcontractors incl. Rejlers Embriq) | P37: Medium | Q37: rejlers.com (Statnett alliance, Jul 2019) ; Bouvet Q2 2025 report
A38: 37 | B38: Skatteetaten | C38: State agency | D38: Cloud services | E38: Azure cloud services (opted out of DFØ joint agreement) | F38: 1200 | G38: Max | H38: 2026-H1 | I38: Not stated | J38: Unknown | K38: Unknown | L38: Unknown - check notice | N38: Active | O38: Crayon | P38: Medium | Q38: TED 241775-2026 ; digi.no/artikler/kjoper-sky-for-1-2-milliarder-dropper-fellesavtale/563685
A39: 38 | B39: Helsedirektoratet | C39: State agency (health) | D39: IT operations | E39: Operation of specialist applications and platform | F39: 600 | G39: Max | H39: 2026 (award notice) | I39: Not stated | J39: Unknown | K39: Unknown | L39: Unknown | N39: Active | O39: See notice | P39: Medium | Q39: doffin.no/notices/2026-102620
A40: 39 | B40: Bane NOR | C40: State-owned company | D40: IT operations | E40: IT operations services (outsourcing contract) | F40: 580 | G40: Total awarded value | H40: 2020 | I40: Not stated | J40: Unknown | K40: Unknown | L40: Unknown | N40: Active? verify | O40: Sopra Steria | P40: Low | Q40: doffin.no/notices/2020-361827
A41: 40 | B41: Norsk helsenett | C41: State enterprise (health) | D41: Management consulting | E41: Administrative consulting, parallel frames | F41: 300 | G41: Max (combined) | H41: Date not verified | I41: Not stated | J41: Unknown | K41: Unknown | L41: Unknown | N41: Unknown - verify | O41: BDO, EY, Deloitte, KPMG, PwC | P41: Low | Q41: advokatwatch.no/nyheter/revisorer/article19021243.ece

Sheet Renewal summary
A1: Renewal pipeline by estimated re-tender year (active + upcoming frames)
A2: Formulas read the 'Frame agreements' sheet. Rows with status 'Replaced' are excluded. Value = headline max/estimate, not expected spend.
A4: Renewal year | B4: # frames | C4: Sum of headline value (MNOK)
A5: 2026 | B5: =COUNTIFS('Frame agreements'!$M$2:$M$41,2026,'Frame agreements'!$N$2:$N$41,"<>Replaced*") -> 7 | C5: =SUMIFS('Frame agreements'!$F$2:$F$41,'Frame agreements'!$M$2:$M$41,2026,'Frame agreements'!$N$2:$N$41,"<>Replaced*") -> 8343
A6: 2027 | B6: =COUNTIFS('Frame agreements'!$M$2:$M$41,2027,'Frame agreements'!$N$2:$N$41,"<>Replaced*") -> 9 | C6: =SUMIFS('Frame agreements'!$F$2:$F$41,'Frame agreements'!$M$2:$M$41,2027,'Frame agreements'!$N$2:$N$41,"<>Replaced*") -> 10618
A7: 2028 | B7: =COUNTIFS('Frame agreements'!$M$2:$M$41,2028,'Frame agreements'!$N$2:$N$41,"<>Replaced*") -> 9 | C7: =SUMIFS('Frame agreements'!$F$2:$F$41,'Frame agreements'!$M$2:$M$41,2028,'Frame agreements'!$N$2:$N$41,"<>Replaced*") -> 20075
A8: 2029 | B8: =COUNTIFS('Frame agreements'!$M$2:$M$41,2029,'Frame agreements'!$N$2:$N$41,"<>Replaced*") -> 6 | C8: =SUMIFS('Frame agreements'!$F$2:$F$41,'Frame agreements'!$M$2:$M$41,2029,'Frame agreements'!$N$2:$N$41,"<>Replaced*") -> 7420
A9: 2030 | B9: =COUNTIFS('Frame agreements'!$M$2:$M$41,2030,'Frame agreements'!$N$2:$N$41,"<>Replaced*") -> 1 | C9: =SUMIFS('Frame agreements'!$F$2:$F$41,'Frame agreements'!$M$2:$M$41,2030,'Frame agreements'!$N$2:$N$41,"<>Replaced*") -> 800
A10: 2031 | B10: =COUNTIFS('Frame agreements'!$M$2:$M$41,2031,'Frame agreements'!$N$2:$N$41,"<>Replaced*") -> 1 | C10: =SUMIFS('Frame agreements'!$F$2:$F$41,'Frame agreements'!$M$2:$M$41,2031,'Frame agreements'!$N$2:$N$41,"<>Replaced*") -> 1500
A11: Total | B11: =SUM(B5:B10) -> 33 | C11: =SUM(C5:C10) -> 48756
A12: Renewal year unknown | B12: =COUNTIFS('Frame agreements'!$M$2:$M$41,"",'Frame agreements'!$N$2:$N$41,"<>Replaced*") -> 4
A14: By category
A15: Category | B15: # frames | C15: Sum of headline value (MNOK)
A16: Cloud services | B16: =COUNTIFS('Frame agreements'!$D$2:$D$41,A16,'Frame agreements'!$N$2:$N$41,"<>Replaced*") -> 3 | C16: =SUMIFS('Frame agreements'!$F$2:$F$41,'Frame agreements'!$D$2:$D$41,A16,'Frame agreements'!$N$2:$N$41,"<>Replaced*") -> 13600
A17: IT / management advisory | B17: =COUNTIFS('Frame agreements'!$D$2:$D$41,A17,'Frame agreements'!$N$2:$N$41,"<>Replaced*") -> 4 | C17: =SUMIFS('Frame agreements'!$F$2:$F$41,'Frame agreements'!$D$2:$D$41,A17,'Frame agreements'!$N$2:$N$41,"<>Replaced*") -> 1120
A18: IT consultant brokerage | B18: =COUNTIFS('Frame agreements'!$D$2:$D$41,A18,'Frame agreements'!$N$2:$N$41,"<>Replaced*") -> 1 | C18: =SUMIFS('Frame agreements'!$F$2:$F$41,'Frame agreements'!$D$2:$D$41,A18,'Frame agreements'!$N$2:$N$41,"<>Replaced*") -> 1200
A19: IT consulting | B19: =COUNTIFS('Frame agreements'!$D$2:$D$41,A19,'Frame agreements'!$N$2:$N$41,"<>Replaced*") -> 12 | C19: =SUMIFS('Frame agreements'!$F$2:$F$41,'Frame agreements'!$D$2:$D$41,A19,'Frame agreements'!$N$2:$N$41,"<>Replaced*") -> 17993
A20: IT development partner | B20: =COUNTIFS('Frame agreements'!$D$2:$D$41,A20,'Frame agreements'!$N$2:$N$41,"<>Replaced*") -> 2 | C20: =SUMIFS('Frame agreements'!$F$2:$F$41,'Frame agreements'!$D$2:$D$41,A20,'Frame agreements'!$N$2:$N$41,"<>Replaced*") -> 6800
A21: IT operations | B21: =COUNTIFS('Frame agreements'!$D$2:$D$41,A21,'Frame agreements'!$N$2:$N$41,"<>Replaced*") -> 2 | C21: =SUMIFS('Frame agreements'!$F$2:$F$41,'Frame agreements'!$D$2:$D$41,A21,'Frame agreements'!$N$2:$N$41,"<>Replaced*") -> 1180
A22: IT operations consulting | B22: =COUNTIFS('Frame agreements'!$D$2:$D$41,A22,'Frame agreements'!$N$2:$N$41,"<>Replaced*") -> 1 | C22: =SUMIFS('Frame agreements'!$F$2:$F$41,'Frame agreements'!$D$2:$D$41,A22,'Frame agreements'!$N$2:$N$41,"<>Replaced*") -> 500
A23: IT products & services | B23: =COUNTIFS('Frame agreements'!$D$2:$D$41,A23,'Frame agreements'!$N$2:$N$41,"<>Replaced*") -> 2 | C23: =SUMIFS('Frame agreements'!$F$2:$F$41,'Frame agreements'!$D$2:$D$41,A23,'Frame agreements'!$N$2:$N$41,"<>Replaced*") -> 2890
A24: Management consulting | B24: =COUNTIFS('Frame agreements'!$D$2:$D$41,A24,'Frame agreements'!$N$2:$N$41,"<>Replaced*") -> 4 | C24: =SUMIFS('Frame agreements'!$F$2:$F$41,'Frame agreements'!$D$2:$D$41,A24,'Frame agreements'!$N$2:$N$41,"<>Replaced*") -> 2813
A25: Software & licences | B25: =COUNTIFS('Frame agreements'!$D$2:$D$41,A25,'Frame agreements'!$N$2:$N$41,"<>Replaced*") -> 6 | C25: =SUMIFS('Frame agreements'!$F$2:$F$41,'Frame agreements'!$D$2:$D$41,A25,'Frame agreements'!$N$2:$N$41,"<>Replaced*") -> 3340

Sheet Watchlist (no value)
A1: Buyer | B1: What | C1: Date | D1: Why it matters | E1: Source
A2: Equinor | B2: Bouvet IT frame renewed: 5 yrs + 5 yrs options | C2: c. 2021-22 (verify) | D2: Long-standing, almost certainly >100 MNOK; value not published (utilities-sector buyer) | E2: petro.no/nyheter/equinor-forlenger-it-kontrakt-med-bouvet
A3: Equinor | B3: Capgemini application management multi-year extension | C3: 2021-06 | D3: Large AM contract; value not disclosed | E3: capgemini.com press release 16 Jun 2021
A4: Equinor | B4: Webstep digitalisation frame, 3 yrs + 1 | C4: 2024-02 | D4: ~80 consultants; expires 2027-28 | E4: inderes.dk (Webstep awarded 3+1 years contract with Equinor)
A5: Statnett | B5: New 2025 frame (successor to Bouvet 1.2-1.5 bn frame) | C5: 2025-Q2 | D5: Value not disclosed | E5: Bouvet Q2 2025 report
A6: Ruter AS | B6: IT consultants & advisers (customer service, AI/chatbot), 2026 | C6: Start 1 May 2026; end 2028 (2030 with options) | D6: Value not found; Tet Digital may also use it | E6: ruter.no/anskaffelser/kunngjorte-konkurranser/2026-rammeavtale-it-konsulenter-og-radgivere
A7: Sykehusinnkjøp (Helse Sør-Øst) | B7: ICT strategy/analysis consulting for health trusts | C7: Notice Jul 2026 | D7: Open opportunity; value not found | E7: ted.europa.eu notice 564241-2026
A8: Sykehusinnkjøp | B8: Consulting: procurement, logistics & finance for health trusts | C8: Start c. Nov 2025; bids Mar 2026 | D8: Management consulting frame; value not found | E8: auftrag.ai (Consultancy services, procurements, logistics and finance)
A9: Forsvaret / Forsvarsmateriell | B9: Application & integration services frame | C9: Prequal Oct 2022 | D9: Value not stated; likely large; check award and expiry | E9: doffin.no/notices/2022-975346
A10: Oslo kommune (UKE) | B10: Joint IT consultant frame (project/process, line support, UX) | C10: 2018 (successor not found) | D10: Oslo's citywide frame; successor likely exists, not indexed | E10: doffin.no/Notice/Details/2018-553203
A11: Brønnøysundregistrene | B11: Notice listed with 1,200 MNOK (IT competence/training?) | C11: 2026-04 | D11: Search snippet ambiguous; verify on Doffin | E11: doffin.no (Brønnøysundregistrene, Apr 2026)

Sheet Method & caveats
A1: Method & caveats
A2: Scope: IT & digital services and management consulting frame agreements (rammeavtaler) in Norway, headline value > 100 MNOK, awarded or tendered 2020-2026, public buyers and state-owned companies. Compiled 20 Oct 2026.
A3: Sources: Doffin and TED notices (via search index), digi.no, tu.no, altinget.no, Stortinget/Riksrevisjonen documents and supplier stock-exchange releases. Doffin and TED could not be opened directly from the research environment, so details come from indexed notice text and press coverage. Every row lists its sources - verify on doffin.no before acting.
A4: Value: the headline number in the notice or press (maximum/ceiling where given, otherwise estimate). This is an upper bound, not expected spend. Column G says which basis applies.
A5: Renewal estimate: latest end = award date + base term + all options. Norwegian buyers usually start the re-tender (market dialogue, then notice) 9-15 months before the final end date, so the re-tender window is set roughly one year earlier. Where the term was not published, a typical 2+1+1 years (4 yrs total) is assumed and noted in column I.
A6: Early renewal risk: a frame can be re-tendered early if its ceiling is used up (e.g. the DSS 2022 brokerage frame was overspent by 187 MNOK / 31%) or if the buyer drops its options.
A7: Confidence: High = value, date and suppliers confirmed by a notice or several sources; Medium = one source or terms assumed; Low = date or value unverified.
A8: Not covered: private companies (rarely published), engineering/construction frames, IT hardware-only frames, frames under 100 MNOK (e.g. Nye Veier strategic advisory 90 MNOK). Equinor and other utilities-sector buyers seldom publish values; see the Watchlist sheet.
